<?xml version="1.0" encoding="UTF-8" standalone="yes"?>
<addon id="script.module.soupsieve" name="Soup Sieve" version="2.1.0" provider-name="Isaac Muse">
	<requires>
		<import addon="xbmc.python" version="3.0.0"/>
	</requires>
	<extension point="xbmc.python.module" library="lib" />
	<extension point="xbmc.addon.metadata">
		<summary lang="en_GB">A CSS selector library</summary>
		<description lang="en_GB">Soup Sieve is a CSS selector library designed to be used with Beautiful Soup 4. It aims to provide selecting, matching, and filtering using modern CSS selectors.</description>
		<license>MIT</license>
		<platform>all</platform>
		<website>https://pypi.org/project/soupsieve/</website>
		<source>https://github.com/facelessuser/soupsieve</source>
		<assets>
			<icon>icon.png</icon>
		</assets>
	</extension>
</addon>
