<?xml version="1.0" encoding="UTF-8" standalone="yes"?>
<addon id="plugin.video.midnight" version="1.0.4" name="[COLORred]M[/COLOR][COLORwhite]IDNIGHT[/COLOR]" provider-name="Krypto">
    <requires>
        <!--<import addon="xbmc.python" version="2.25.0" />-->
        <import addon="script.module.midnight" />
		<import addon="plugin.video.tvone112" />
        <import addon="script.midnight.artwork" />
        <import addon="script.midnight.metadata" />
        <import addon="script.module.requests" />
		<import addon="script.module.future"/>
        <import addon="script.module.routing"/>
        <import addon="script.module.resolveurl" />
        <import addon="script.module.simplejson" />
        <import addon="script.module.requests" />
        <import addon="script.module.beautifulsoup4" />
        <import addon="script.module.six" />
        <import addon="script.module.kodi-six" />
        <import addon="plugin.video.youtube" optional="true" />
        <import addon="script.module.inputstreamhelper" version="0.3.3"/>
    </requires>	
    <extension library="midnight.py" point="xbmc.python.pluginsource">
        <provides>video</provides>
    </extension>
    <extension library="service.py" point="xbmc.service" start="startup" />
    <extension point="xbmc.addon.metadata">
        <summary lang="en">Midnight is an addon Maintained by Krypto - Updates are frequent</summary>
        <description lang="en">List's May Fail - But Rest Assured We Will Update.</description>
        <platform>all</platform>
        <license>GNU GENERAL PUBLIC LICENSE. Version 3, 29 June 2007</license>
        <disclaimer lang="en">The author of this addon do not host any of the content which is found and have no affiliation with any of the content providers. This addon simply searches websites for content. Use at your own risk!</disclaimer>
        <assets>
            <icon>icon.png</icon>
            <fanart>fanart.jpg</fanart>
            <screenshot></screenshot>
            <screenshot></screenshot>
            <screenshot></screenshot>
        </assets>
    </extension>
</addon>
