<?xml version="1.0" encoding="UTF-8" standalone="yes"?>
<addon id="script.module.midnightart" name="[COLORblue]Midnight Art[/COLOR]" provider-name="Krypto" version="1.1.7a">
    <requires>
        <!--<import addon="xbmc.python" version="2.19.0"/>-->
    </requires>
    <extension point="xbmc.python.module" library="res" />
    <extension point="xbmc.addon.metadata">
        <summary>Homelander Artwork</summary>
        <description>Homelander Artwork</description>
        <platform>all</platform>
        <assets>
            <icon>icon.png</icon>
            <fanart>fanart.jpg</fanart>
        </assets>
    </extension>
</addon>