<?xml version="1.0" encoding="UTF-8" standalone="yes"?>
<addon id="script.module.simplejson"
       name="simplejson"
       version="3.17.0"
       provider-name="Bob Ippolito">
  <requires>
    <import addon="xbmc.python" version="3.0.0"/>
  </requires>
  <extension point="xbmc.python.module"
             library="lib" />
  <extension point="xbmc.addon.metadata">
    <platform>all</platform>
    <language></language>
    <summary lang="en_GB">Simple, fast, extensible JSON encoder/decoder for Python</summary>
    <description lang="en_GB">Simple, fast, extensible JSON encoder/decoder for Python</description>
    <disclaimer lang="en_GB">Code taken from https://pypi.org/project/simplejson/</disclaimer>
    <license>MIT License, Academic Free License v. 2.1</license>
    <website>https://pypi.org/project/simplejson/</website>
    <source>https://github.com/simplejson/simplejson</source>
    <assets>
      <icon>icon.png</icon>
    </assets>
  </extension>
</addon>
