<?xml version='1.0' encoding='UTF-8' standalone='yes'?>
<addon id="plugin.video.tvone111" name="tvOne111" version="24.0" provider-name="RACC">
  <requires>
    <import addon="xbmc.python" version="3.0.0"/>
    <import addon="script.module.pycryptodome"/>
    <import addon="script.module.pyamf"/>
    <import addon="script.module.kodi-six"/>
    <import addon="script.module.future"/>
    <import addon="script.module.requests"/>
    <import addon="script.module.routing"/>
  </requires>
  <extension point="xbmc.python.pluginsource" library="addon.py">
    <provides>video</provides>
  </extension>
  <extension point="xbmc.addon.metadata">
    <reuselanguageinvoker>true</reuselanguageinvoker>
    <summary lang="en_gb">tvOne111</summary>
    <description lang="en_gb">tvOne111</description>
    <disclaimer lang="en_gb"/>
    <platform>all</platform>
    <license>GPL-3.0-only</license>
    <assets>
        <icon>icon.png</icon>
        <fanart>fanart.jpg</fanart>
    </assets>
  </extension>
</addon>
