<?xml version="1.0" encoding="UTF-8" standalone="yes"?>
<addon id="script.module.midnightartwork" version="1.0.0" name="[COLOR red]MIDNIGHT ART FRAMEWORK[/COLOR]" provider-name="KryptoUI">
    <requires>
        <!--<import addon="xbmc.python" version="2.19.0"/>-->
    </requires>
    <extension point="xbmc.python.module" library="lib" />
    <extension point="xbmc.addon.metadata">
        <summary>KryptoUI</summary>
        <description>KryptoUI</description>
        <platform>all</platform>
        <assets>
            <icon>icon.png</icon>
            <fanart>fanart.jpg</fanart>
        </assets>
    </extension>
</addon>
